file,species
0021e90e4.png,Small-flowered Cranesbill
003d61042.png,Charlock
007b3da8b.png,Scentless Mayweed
0086a6340.png,Shepherds Purse
00c47e980.png,Maize
00d090cde.png,Loose Silky-bent
00ef713a8.png,Loose Silky-bent
01291174f.png,Charlock
026716f9b.png,Loose Silky-bent
02cfeb38d.png,Fat Hen
03566743d.png,Loose Silky-bent
03a2ee656.png,Scentless Mayweed
03e322a29.png,Fat Hen
03ef36742.png,Common Chickweed
043449b0b.png,Loose Silky-bent
0437393b1.png,Scentless Mayweed
04814f36d.png,Common Chickweed
05341a8a6.png,Loose Silky-bent
060450d79.png,Common Chickweed
060f1dc84.png,Common Chickweed
0625f063b.png,Scentless Mayweed
063363305.png,Small-flowered Cranesbill
06d12f6fa.png,Small-flowered Cranesbill
071cb3ece.png,Common Chickweed
0751c0bbc.png,Common Chickweed
07e62f903.png,Scentless Mayweed
085974290.png,Common Chickweed
0885e7690.png,Scentless Mayweed
089ad62a7.png,Loose Silky-bent
08d591441.png,Fat Hen
0911d3dee.png,Scentless Mayweed
099b961ec.png,Fat Hen
0a64e3e6c.png,Loose Silky-bent
0ad9e7dfb.png,Scentless Mayweed
0ae6668fa.png,Cleavers
0bf7bfb05.png,Fat Hen
0c27cf05f.png,Loose Silky-bent
0c4199daa.png,Scentless Mayweed
0c45ace27.png,Shepherds Purse
0c51bf229.png,Charlock
0c5f6c493.png,Cleavers
0caeda5df.png,Fat Hen
0d117d910.png,Small-flowered Cranesbill
0d31e6602.png,Maize
0dba99002.png,Scentless Mayweed
0e8492cb1.png,Sugar beet
0ebf8f2f4.png,Common Chickweed
0ee4ad224.png,Loose Silky-bent
0f6cbe5e8.png,Common Chickweed
0fb233ad6.png,Common Chickweed
115f93ecc.png,Fat Hen
116b136de.png,Cleavers
1191ba346.png,Small-flowered Cranesbill
11d3f68ff.png,Loose Silky-bent
122913909.png,Black-grass
12625488b.png,Common Chickweed
126a71ce0.png,Scentless Mayweed
1312065a5.png,Shepherds Purse
1364b297a.png,Maize
1376f3b63.png,Fat Hen
13b9fa92d.png,Fat Hen
1459e96a0.png,Common Chickweed
148bbda66.png,Common Chickweed
14bb43eee.png,Loose Silky-bent
1541bdb2e.png,Black-grass
1623fb9e1.png,Fat Hen
16357b436.png,Common Chickweed
16467a950.png,Scentless Mayweed
165681fd9.png,Loose Silky-bent
1694a70e4.png,Scentless Mayweed
16fd2e01a.png,Small-flowered Cranesbill
172f9b10b.png,Sugar beet
17529c555.png,Small-flowered Cranesbill
1758a1baf.png,Small-flowered Cranesbill
177d7e2a4.png,Scentless Mayweed
17a78fb44.png,Loose Silky-bent
17d5e5ac4.png,Loose Silky-bent
1821eb11a.png,Maize
187668bde.png,Loose Silky-bent
1926e82fd.png,Common Chickweed
19618ad6a.png,Charlock
19b51843a.png,Charlock
19e58cc5e.png,Small-flowered Cranesbill
19fdf19fb.png,Cleavers
1b490196c.png,Common Chickweed
1b6a6494d.png,Scentless Mayweed
1be0713da.png,Loose Silky-bent
1bf9b94a6.png,Common Chickweed
1c52ea820.png,Common Chickweed
1c680883c.png,Loose Silky-bent
1cfd91582.png,Fat Hen
1d0cbd819.png,Small-flowered Cranesbill
1d321253f.png,Common wheat
1d48b7564.png,Fat Hen
1d56351b2.png,Common Chickweed
1dc7c45df.png,Cleavers
1e095a7e1.png,Scentless Mayweed
1f290e016.png,Maize
1f3f44563.png,Common Chickweed
1f5e5554e.png,Loose Silky-bent
1fefb54b7.png,Small-flowered Cranesbill
205df1df3.png,Maize
20817c846.png,Fat Hen
20e562fd5.png,Small-flowered Cranesbill
20ea96bcc.png,Common Chickweed
20f983a71.png,Sugar beet
2126dc71b.png,Common Chickweed
219fd68d5.png,Small-flowered Cranesbill
223e4af09.png,Common Chickweed
22e79540f.png,Small-flowered Cranesbill
22fbf13d6.png,Shepherds Purse
239bdf640.png,Charlock
23bc8ec4f.png,Cleavers
23e480e64.png,Loose Silky-bent
2406d6c99.png,Fat Hen
241e6935a.png,Fat Hen
248436078.png,Small-flowered Cranesbill
24a058589.png,Loose Silky-bent
24c94a6ca.png,Scentless Mayweed
24d36c52c.png,Loose Silky-bent
24d78df74.png,Loose Silky-bent
24dbc3b21.png,Loose Silky-bent
258b1183c.png,Common wheat
25a4c427e.png,Common Chickweed
25cf6eb73.png,Common Chickweed
25fa8d109.png,Sugar beet
26852751a.png,Small-flowered Cranesbill
2693e5c65.png,Common Chickweed
26e7ae885.png,Scentless Mayweed
270b939cf.png,Common Chickweed
279df95f2.png,Scentless Mayweed
288564c76.png,Scentless Mayweed
29bab7cad.png,Small-flowered Cranesbill
29ce426a1.png,Charlock
29f49cd0b.png,Cleavers
2a5064f19.png,Scentless Mayweed
2a667e099.png,Small-flowered Cranesbill
2b55a2da2.png,Charlock
2bd74d2da.png,Loose Silky-bent
2d5058a59.png,Charlock
2d992d1fb.png,Fat Hen
2d9c798f9.png,Common Chickweed
2dd5cfba9.png,Scentless Mayweed
2df78338c.png,Loose Silky-bent
2e86f1085.png,Common Chickweed
2ea664465.png,Sugar beet
2f0004a7f.png,Charlock
2f246d688.png,Loose Silky-bent
2ff5cb348.png,Scentless Mayweed
30ad31220.png,Common Chickweed
3185294c8.png,Loose Silky-bent
31f3dd81f.png,Sugar beet
31fcdc161.png,Charlock
3281183f9.png,Loose Silky-bent
32a8c8a1d.png,Loose Silky-bent
32b42c120.png,Shepherds Purse
32c86784b.png,Scentless Mayweed
33317fc2a.png,Common Chickweed
33448fe39.png,Loose Silky-bent
33748968f.png,Charlock
338c7e907.png,Fat Hen
34dd57ca9.png,Scentless Mayweed
3526b05cc.png,Maize
35a90f8d0.png,Fat Hen
35cf9fa01.png,Fat Hen
35ebe165c.png,Loose Silky-bent
36839d5e9.png,Fat Hen
36d62bf36.png,Scentless Mayweed
36ed4f215.png,Small-flowered Cranesbill
37297a64c.png,Cleavers
37714071b.png,Common Chickweed
377283a21.png,Fat Hen
37c3108d6.png,Cleavers
37e545a60.png,Small-flowered Cranesbill
3827436f3.png,Loose Silky-bent
38c054379.png,Common Chickweed
391dcd7fd.png,Common Chickweed
39858776a.png,Fat Hen
39b740f7e.png,Cleavers
39c8fde99.png,Scentless Mayweed
39d569be4.png,Scentless Mayweed
3a909ead8.png,Small-flowered Cranesbill
3abb502fb.png,Small-flowered Cranesbill
3b73c3b61.png,Loose Silky-bent
3bbef3ecb.png,Common Chickweed
3d38a87bc.png,Common Chickweed
3d65168c2.png,Common Chickweed
3d67c434b.png,Fat Hen
3da774107.png,Fat Hen
3dd52bd2a.png,Scentless Mayweed
3e9f41817.png,Charlock
3ebbe9ca4.png,Small-flowered Cranesbill
3eda9cbb6.png,Small-flowered Cranesbill
3edf5e9ef.png,Fat Hen
3eebd36c6.png,Common wheat
3efa1f66c.png,Charlock
3f64c2c1b.png,Common Chickweed
3f826b318.png,Small-flowered Cranesbill
3f92d8039.png,Fat Hen
3fbd0fc6a.png,Sugar beet
3fbf1a417.png,Common Chickweed
4049a6ea6.png,Small-flowered Cranesbill
406162ef9.png,Charlock
406ecb5c5.png,Loose Silky-bent
410e6f702.png,Small-flowered Cranesbill
41e07778c.png,Small-flowered Cranesbill
41f1c3cdb.png,Small-flowered Cranesbill
4287d810c.png,Loose Silky-bent
429211ee6.png,Scentless Mayweed
42e7ed442.png,Scentless Mayweed
4392d93cf.png,Charlock
43ede9de9.png,Fat Hen
444473900.png,Common Chickweed
446f7da01.png,Shepherds Purse
44e8b8833.png,Loose Silky-bent
456d507c0.png,Small-flowered Cranesbill
466bb6d3b.png,Charlock
46c14fde2.png,Loose Silky-bent
47b7d8e17.png,Cleavers
47f9e5d91.png,Shepherds Purse
48231e475.png,Loose Silky-bent
4823c3ffa.png,Sugar beet
486e59179.png,Common wheat
48d97c645.png,Shepherds Purse
48ef6a2ff.png,Cleavers
490c4f9c8.png,Common Chickweed
4a337a4a9.png,Scentless Mayweed
4ac29bbf0.png,Loose Silky-bent
4b032563b.png,Scentless Mayweed
4b155fb07.png,Cleavers
4bbf1f6ea.png,Small-flowered Cranesbill
4bbfd1e05.png,Loose Silky-bent
4bcdaa5e2.png,Cleavers
4c5ab9b68.png,Fat Hen
4c7838de4.png,Common Chickweed
4c8005bbc.png,Common Chickweed
4e1190d78.png,Loose Silky-bent
4e18ab737.png,Charlock
4e69d100a.png,Cleavers
4e9d3765f.png,Maize
4ea7493d5.png,Loose Silky-bent
4f44ca525.png,Maize
4f83143e1.png,Fat Hen
502dff972.png,Sugar beet
506347cfe.png,Loose Silky-bent
50de8a115.png,Small-flowered Cranesbill
521b27a17.png,Loose Silky-bent
523e5505c.png,Small-flowered Cranesbill
5296835a0.png,Loose Silky-bent
52a87abe5.png,Shepherds Purse
52dc7a4d6.png,Small-flowered Cranesbill
5315c2dca.png,Loose Silky-bent
534e74d83.png,Loose Silky-bent
539961189.png,Small-flowered Cranesbill
53ceb4657.png,Charlock
53e6e9000.png,Common Chickweed
54b3afd58.png,Small-flowered Cranesbill
54c8bb900.png,Fat Hen
550a8b7e6.png,Loose Silky-bent
55251925f.png,Fat Hen
558aa7deb.png,Scentless Mayweed
55920f07f.png,Loose Silky-bent
55a852f40.png,Common Chickweed
55fed435f.png,Charlock
56112b92c.png,Charlock
56a01b835.png,Small-flowered Cranesbill
5779fe8b4.png,Common Chickweed
5817b766d.png,Fat Hen
5883b423d.png,Loose Silky-bent
589e643b8.png,Small-flowered Cranesbill
590f5aea6.png,Loose Silky-bent
592473c83.png,Common Chickweed
592cc5b89.png,Cleavers
59358cd44.png,Scentless Mayweed
593896f83.png,Scentless Mayweed
599691cd9.png,Common Chickweed
599c82eea.png,Small-flowered Cranesbill
59b2c6f2b.png,Charlock
59c6a9f95.png,Charlock
59e1cea8d.png,Common Chickweed
59f62ad1d.png,Loose Silky-bent
5a38ac566.png,Loose Silky-bent
5a6bf96f6.png,Fat Hen
5af1d74ee.png,Sugar beet
5b3000b9a.png,Small-flowered Cranesbill
5b3beec58.png,Small-flowered Cranesbill
5b63dcc21.png,Scentless Mayweed
5bbc0a255.png,Fat Hen
5bc6595f6.png,Small-flowered Cranesbill
5bd71f445.png,Scentless Mayweed
5bdcfa329.png,Loose Silky-bent
5c3cd7ea2.png,Charlock
5ca0205f9.png,Fat Hen
5ca2687a4.png,Black-grass
5dcad9a53.png,Loose Silky-bent
5e6a237f2.png,Loose Silky-bent
5eb9c26a6.png,Common Chickweed
5ee9d0a5b.png,Common wheat
5f04aed97.png,Cleavers
6049234e6.png,Shepherds Purse
604dd663f.png,Common Chickweed
606647f64.png,Loose Silky-bent
60ee66ddd.png,Cleavers
60f0bc617.png,Common Chickweed
60fea2ef6.png,Small-flowered Cranesbill
615d2b0a9.png,Scentless Mayweed
618de3d7a.png,Small-flowered Cranesbill
61b044411.png,Common Chickweed
61dd2cdc5.png,Fat Hen
632156793.png,Fat Hen
63c07d340.png,Sugar beet
647689543.png,Loose Silky-bent
64fe8beb9.png,Cleavers
653193c1a.png,Loose Silky-bent
65489944f.png,Loose Silky-bent
659412b1a.png,Common Chickweed
65d08b894.png,Loose Silky-bent
65e262a6d.png,Sugar beet
65e97117e.png,Common Chickweed
664194d19.png,Black-grass
6680836dd.png,Black-grass
668c1007c.png,Common Chickweed
66ab0e8d0.png,Sugar beet
675ec1b0b.png,Cleavers
67ce3eaa6.png,Loose Silky-bent
67e185673.png,Common wheat
686dc7ec8.png,Common Chickweed
6908fb540.png,Common Chickweed
6982a9d30.png,Common Chickweed
699d3c707.png,Sugar beet
69d1669f8.png,Loose Silky-bent
6a41bf95b.png,Loose Silky-bent
6a47821f9.png,Small-flowered Cranesbill
6b721f68e.png,Scentless Mayweed
6b9d6f8c9.png,Scentless Mayweed
6ba4ef411.png,Loose Silky-bent
6bce55e05.png,Loose Silky-bent
6be169e41.png,Common Chickweed
6c874918c.png,Sugar beet
6d6eb3830.png,Scentless Mayweed
6da892be6.png,Fat Hen
6db684fff.png,Maize
6dd095129.png,Scentless Mayweed
6df8e31ea.png,Sugar beet
6edb96d45.png,Small-flowered Cranesbill
6edc76e7c.png,Loose Silky-bent
711b46fba.png,Loose Silky-bent
71334c634.png,Fat Hen
71b232519.png,Charlock
71e73a8a0.png,Common Chickweed
71f5323c5.png,Charlock
721b2c47a.png,Common Chickweed
721be0a4a.png,Small-flowered Cranesbill
728eabae1.png,Shepherds Purse
73260a4ee.png,Common Chickweed
74068643d.png,Scentless Mayweed
74d810f87.png,Scentless Mayweed
74fd477eb.png,Shepherds Purse
7506c0c02.png,Common wheat
752101fdf.png,Common wheat
754b1adf8.png,Loose Silky-bent
756dd5070.png,Common Chickweed
75cb95e91.png,Loose Silky-bent
7615e52d3.png,Small-flowered Cranesbill
76555b064.png,Common Chickweed
7691014a1.png,Scentless Mayweed
7696badea.png,Fat Hen
76dbd1054.png,Common Chickweed
770a265f5.png,Common wheat
77ccb8b2a.png,Fat Hen
780bd2a2c.png,Common Chickweed
780defa2e.png,Cleavers
785a73ab8.png,Common Chickweed
78750e0ff.png,Common Chickweed
78b1bf91a.png,Common Chickweed
78c5fba1d.png,Sugar beet
79d93bc96.png,Charlock
79dafec17.png,Scentless Mayweed
79e5ea8fa.png,Common Chickweed
79fba50db.png,Loose Silky-bent
7a38416be.png,Sugar beet
7b21ba6ba.png,Common Chickweed
7b52585da.png,Cleavers
7beb2766f.png,Small-flowered Cranesbill
7c85b0265.png,Small-flowered Cranesbill
7cabd68cc.png,Small-flowered Cranesbill
7d22abf91.png,Small-flowered Cranesbill
7d3045fc3.png,Charlock
7d4cd07ad.png,Scentless Mayweed
7e9cf1c46.png,Scentless Mayweed
7f31c7f42.png,Fat Hen
7f46a71db.png,Common Chickweed
7f9e9565d.png,Fat Hen
7fdb7202d.png,Charlock
800a8c17e.png,Loose Silky-bent
808578ed5.png,Cleavers
808cf55c6.png,Scentless Mayweed
809eb0b82.png,Loose Silky-bent
80e299ae9.png,Scentless Mayweed
8104422bb.png,Common Chickweed
8170d33c1.png,Loose Silky-bent
824f5d4e5.png,Common Chickweed
827279bad.png,Charlock
82b5f4d33.png,Common Chickweed
8301b0547.png,Common Chickweed
8303b27ed.png,Small-flowered Cranesbill
8311740de.png,Fat Hen
835dc5447.png,Common Chickweed
837ac0270.png,Sugar beet
8455169fe.png,Charlock
851c90831.png,Sugar beet
85431c075.png,Cleavers
855955aaf.png,Loose Silky-bent
856f2910a.png,Common Chickweed
8585f9718.png,Scentless Mayweed
862b8e7a0.png,Common Chickweed
86676d627.png,Common Chickweed
866be78b0.png,Common Chickweed
86c309150.png,Common Chickweed
86f08e6d1.png,Loose Silky-bent
87608f7aa.png,Shepherds Purse
87f627bf9.png,Common Chickweed
8874bba69.png,Scentless Mayweed
88ac6df54.png,Common Chickweed
88d8a4508.png,Small-flowered Cranesbill
8916793ce.png,Common Chickweed
892e9d6c6.png,Scentless Mayweed
897e5a8de.png,Cleavers
8a30b2de3.png,Fat Hen
8a32d0bfa.png,Loose Silky-bent
8a4d3a1b1.png,Common wheat
8a8d6c712.png,Sugar beet
8ab8a958b.png,Cleavers
8b043093d.png,Common Chickweed
8b27bfd2b.png,Shepherds Purse
8b9144917.png,Scentless Mayweed
8bc0261c9.png,Loose Silky-bent
8c98a6e9b.png,Fat Hen
8c9953903.png,Fat Hen
8ca6140ca.png,Scentless Mayweed
8cf2e3e6c.png,Loose Silky-bent
8cf909eb3.png,Common Chickweed
8cfd98117.png,Scentless Mayweed
8d6991365.png,Small-flowered Cranesbill
8d6acbe9b.png,Cleavers
8db450ce3.png,Fat Hen
8dbb8e1b9.png,Common Chickweed
8e29abce1.png,Fat Hen
8e2e5604e.png,Common Chickweed
8e3ed0a25.png,Common Chickweed
8e4eaeec0.png,Small-flowered Cranesbill
8e6ec1ca6.png,Loose Silky-bent
8ece6efec.png,Scentless Mayweed
8f523520c.png,Loose Silky-bent
8faadb6a8.png,Scentless Mayweed
90b595f12.png,Loose Silky-bent
90d119d25.png,Maize
91e469b4a.png,Loose Silky-bent
92292055d.png,Small-flowered Cranesbill
93079d970.png,Loose Silky-bent
9326bda1b.png,Small-flowered Cranesbill
93d76fd5d.png,Sugar beet
948cdb277.png,Sugar beet
9516e56c4.png,Scentless Mayweed
953496deb.png,Small-flowered Cranesbill
958bb9e96.png,Fat Hen
963544aa0.png,Fat Hen
9643fc5f4.png,Sugar beet
966ae5ad9.png,Scentless Mayweed
969a851be.png,Common Chickweed
96ecad7a1.png,Common Chickweed
96f14d90c.png,Scentless Mayweed
974959ec1.png,Common Chickweed
976e4e079.png,Loose Silky-bent
97844bfd5.png,Shepherds Purse
97b2f0a10.png,Sugar beet
98062cd87.png,Charlock
98d819587.png,Scentless Mayweed
98da6ef4e.png,Charlock
99036c51d.png,Loose Silky-bent
99569b224.png,Common Chickweed
995c7ab1e.png,Fat Hen
9a3f20121.png,Shepherds Purse
9aa5587fe.png,Common Chickweed
9b4800b42.png,Small-flowered Cranesbill
9b9911f20.png,Common Chickweed
9baf94467.png,Loose Silky-bent
9c0c5b731.png,Scentless Mayweed
9c32a797e.png,Common Chickweed
9c777333d.png,Scentless Mayweed
9c8b08a24.png,Scentless Mayweed
9cce7328c.png,Charlock
9d3cb4745.png,Small-flowered Cranesbill
9d79a1f0c.png,Loose Silky-bent
9df3275da.png,Cleavers
9fab816f2.png,Scentless Mayweed
a006a475c.png,Shepherds Purse
a060c1cf8.png,Cleavers
a0b393945.png,Common wheat
a0f37c726.png,Loose Silky-bent
a169b71e7.png,Fat Hen
a19c3faca.png,Loose Silky-bent
a1da8be3c.png,Loose Silky-bent
a1e0a6c02.png,Common Chickweed
a254d71f6.png,Common Chickweed
a276c65f7.png,Small-flowered Cranesbill
a2b703e21.png,Sugar beet
a2c89c367.png,Common Chickweed
a2d25b4f3.png,Common Chickweed
a35fd6fbb.png,Cleavers
a38b8a581.png,Sugar beet
a3b375b34.png,Loose Silky-bent
a3d0031fd.png,Common Chickweed
a4b61a4ea.png,Fat Hen
a544fc46d.png,Loose Silky-bent
a55d26a4c.png,Sugar beet
a5db42f7d.png,Common Chickweed
a74bf916d.png,Scentless Mayweed
a74d475c2.png,Common Chickweed
a7bd7cadb.png,Small-flowered Cranesbill
a800caead.png,Loose Silky-bent
a83820a2c.png,Scentless Mayweed
a8388a37f.png,Fat Hen
a85b48a95.png,Loose Silky-bent
a85fc8c9a.png,Charlock
a890ac088.png,Fat Hen
a8b431a3e.png,Small-flowered Cranesbill
a8c8a1db0.png,Small-flowered Cranesbill
a8da9c08d.png,Fat Hen
a8de7c1b7.png,Common Chickweed
a935ca110.png,Small-flowered Cranesbill
a93f940d6.png,Common Chickweed
a9d2eab61.png,Scentless Mayweed
aa7d098d1.png,Loose Silky-bent
aad8375e0.png,Scentless Mayweed
aaf4da98f.png,Charlock
ab0f67743.png,Charlock
ab35453cb.png,Scentless Mayweed
abc331628.png,Fat Hen
abf8b0772.png,Loose Silky-bent
ac3193f78.png,Common Chickweed
ac75d3326.png,Loose Silky-bent
acdb75e00.png,Common Chickweed
ace8761dd.png,Loose Silky-bent
ad12382d4.png,Loose Silky-bent
adb7a032c.png,Small-flowered Cranesbill
ae90f2827.png,Common Chickweed
aecfaed64.png,Loose Silky-bent
aee6fa3df.png,Fat Hen
af45e222a.png,Black-grass
afa446484.png,Loose Silky-bent
afcf6abd5.png,Charlock
b026bf8ca.png,Loose Silky-bent
b03397525.png,Small-flowered Cranesbill
b0acaff4a.png,Fat Hen
b130a0632.png,Scentless Mayweed
b145ba9d4.png,Common Chickweed
b1cd2a91e.png,Sugar beet
b215531dd.png,Fat Hen
b2706e2b3.png,Charlock
b29339405.png,Small-flowered Cranesbill
b30ab4659.png,Cleavers
b31292706.png,Cleavers
b341d0aab.png,Sugar beet
b39c71707.png,Loose Silky-bent
b3d6fdb80.png,Fat Hen
b3e08b037.png,Common Chickweed
b47691c08.png,Charlock
b4c3df835.png,Scentless Mayweed
b4f7c9214.png,Scentless Mayweed
b573b7a56.png,Loose Silky-bent
b5c7fd009.png,Small-flowered Cranesbill
b62dca166.png,Scentless Mayweed
b687160f5.png,Loose Silky-bent
b6a3f7876.png,Charlock
b6f3d8b5d.png,Scentless Mayweed
b7192c70f.png,Scentless Mayweed
b7a7f6390.png,Charlock
b7ad92859.png,Cleavers
b828443ff.png,Loose Silky-bent
b9062c1c8.png,Loose Silky-bent
b944a49ca.png,Scentless Mayweed
b98327bf4.png,Fat Hen
ba3ce6b3e.png,Maize
bb1c84bbc.png,Common Chickweed
bb1d1bfd3.png,Common Chickweed
bb20fce02.png,Loose Silky-bent
bb64660b7.png,Fat Hen
bb7621cb3.png,Cleavers
bd72d4d8a.png,Common Chickweed
bd789d151.png,Loose Silky-bent
bdde957ec.png,Black-grass
be2499cf4.png,Common Chickweed
be341dbdc.png,Loose Silky-bent
bea23d9f8.png,Loose Silky-bent
bebcaab66.png,Sugar beet
beebe5f4e.png,Scentless Mayweed
bf3924a57.png,Scentless Mayweed
bf66b9cd2.png,Fat Hen
bfab3e3d0.png,Charlock
bffc08672.png,Cleavers
c0461776c.png,Loose Silky-bent
c069fc3fa.png,Common Chickweed
c06e7c748.png,Loose Silky-bent
c0bc3997b.png,Loose Silky-bent
c0d9e170b.png,Loose Silky-bent
c0f5d9ac8.png,Loose Silky-bent
c10ccbd82.png,Small-flowered Cranesbill
c10db7ae2.png,Small-flowered Cranesbill
c1ecff98b.png,Fat Hen
c26ccf73c.png,Common Chickweed
c2de6020a.png,Common Chickweed
c35efa095.png,Common Chickweed
c4ed8ed38.png,Loose Silky-bent
c50335991.png,Common Chickweed
c5078bac5.png,Loose Silky-bent
c5e419015.png,Scentless Mayweed
c5e88cd42.png,Scentless Mayweed
c60e91e07.png,Loose Silky-bent
c63da993b.png,Charlock
c64370a72.png,Cleavers
c6b76307d.png,Common Chickweed
c6c8d4ba0.png,Loose Silky-bent
c7051c902.png,Common Chickweed
c74c5b7fc.png,Common Chickweed
c75a82234.png,Charlock
c7ae30f3a.png,Fat Hen
c7b07431e.png,Loose Silky-bent
c7eb96871.png,Fat Hen
c832e4302.png,Loose Silky-bent
c85ef220d.png,Black-grass
c88ebfb47.png,Loose Silky-bent
c8f50f0c3.png,Fat Hen
caa2fbd79.png,Scentless Mayweed
cadab6616.png,Loose Silky-bent
cae684f8f.png,Fat Hen
cb496f36e.png,Charlock
cb76a7766.png,Shepherds Purse
cbba27d89.png,Charlock
cbe761896.png,Scentless Mayweed
cc3d2a59a.png,Scentless Mayweed
cc74feadc.png,Scentless Mayweed
cd5f0db1c.png,Fat Hen
cd6adba97.png,Scentless Mayweed
ce15eee52.png,Common Chickweed
ce3d280eb.png,Loose Silky-bent
ce42adffb.png,Scentless Mayweed
cec5bf198.png,Small-flowered Cranesbill
cf3a8b2fd.png,Common Chickweed
cf46d09c5.png,Scentless Mayweed
cf90fc52d.png,Cleavers
cfb18d262.png,Small-flowered Cranesbill
cfd8165e9.png,Small-flowered Cranesbill
d0152bd7c.png,Scentless Mayweed
d01873fdd.png,Charlock
d09275360.png,Loose Silky-bent
d09d24c58.png,Common Chickweed
d0cdc768f.png,Fat Hen
d102e1a15.png,Small-flowered Cranesbill
d14aa43f3.png,Cleavers
d17f48d3b.png,Scentless Mayweed
d2f0f326e.png,Loose Silky-bent
d2f422ccb.png,Common Chickweed
d2fd9df40.png,Cleavers
d3331e071.png,Fat Hen
d350a25fa.png,Fat Hen
d41d87796.png,Charlock
d488a4fe1.png,Charlock
d515398fd.png,Common Chickweed
d563be369.png,Scentless Mayweed
d5f7dd60a.png,Sugar beet
d668409ff.png,Small-flowered Cranesbill
d689256be.png,Small-flowered Cranesbill
d6c8c3c48.png,Common Chickweed
d6d31dcbe.png,Small-flowered Cranesbill
d6d80a321.png,Common wheat
d7017f701.png,Small-flowered Cranesbill
d84d37a61.png,Shepherds Purse
d89db156f.png,Charlock
d8f4923f8.png,Small-flowered Cranesbill
d93c7ab6d.png,Fat Hen
d9c50616e.png,Loose Silky-bent
da231c97f.png,Sugar beet
da4ed3a28.png,Fat Hen
da5255450.png,Fat Hen
da713c465.png,Small-flowered Cranesbill
da9ef7858.png,Fat Hen
dabe3e5be.png,Common Chickweed
dabea05f4.png,Common Chickweed
dc4cd56a3.png,Common Chickweed
dc55449b2.png,Scentless Mayweed
dcd7ff249.png,Fat Hen
dce2f6612.png,Charlock
dd5ec63d9.png,Scentless Mayweed
dd9f36df7.png,Common Chickweed
de0b79659.png,Scentless Mayweed
df11d56a7.png,Loose Silky-bent
df521c0c0.png,Fat Hen
df7cb5f87.png,Loose Silky-bent
dfb1d9012.png,Loose Silky-bent
e0ec5b6a1.png,Shepherds Purse
e14afa235.png,Scentless Mayweed
e15472085.png,Common Chickweed
e15fce4f2.png,Loose Silky-bent
e1809cef2.png,Fat Hen
e19673dc9.png,Scentless Mayweed
e19ad6ac9.png,Small-flowered Cranesbill
e1a0e3202.png,Cleavers
e1abb4ff9.png,Small-flowered Cranesbill
e3f50adfc.png,Small-flowered Cranesbill
e471f1d3a.png,Loose Silky-bent
e478c452c.png,Small-flowered Cranesbill
e4a76885b.png,Shepherds Purse
e4d5ec761.png,Loose Silky-bent
e5064f6be.png,Scentless Mayweed
e52493d0b.png,Small-flowered Cranesbill
e5297b675.png,Common Chickweed
e5368474f.png,Charlock
e5881dd33.png,Sugar beet
e5e3dccff.png,Common Chickweed
e6f1211a2.png,Scentless Mayweed
e7077322d.png,Cleavers
e721c6ac8.png,Scentless Mayweed
e73e308be.png,Scentless Mayweed
e783f5a4f.png,Fat Hen
e80a259c5.png,Scentless Mayweed
e82017baa.png,Scentless Mayweed
e84464f5a.png,Fat Hen
e88bf0db9.png,Fat Hen
e901b0f28.png,Fat Hen
e921021a8.png,Common Chickweed
e96e57a90.png,Black-grass
e98e5d1d5.png,Small-flowered Cranesbill
e9cd91682.png,Small-flowered Cranesbill
e9d48d664.png,Black-grass
eaf0815e2.png,Scentless Mayweed
ec08a5d56.png,Fat Hen
ede6b84b4.png,Common Chickweed
edfdb4aeb.png,Loose Silky-bent
eec1079a1.png,Common Chickweed
eef131644.png,Common Chickweed
ef02b4ee7.png,Fat Hen
ef3e232ad.png,Loose Silky-bent
ef65533d5.png,Loose Silky-bent
ef74dbcad.png,Fat Hen
ef7a5651d.png,Scentless Mayweed
ef9676433.png,Cleavers
efe19dc32.png,Small-flowered Cranesbill
f0ffa00bd.png,Fat Hen
f1e87cba7.png,Scentless Mayweed
f1f7c833f.png,Loose Silky-bent
f23faf9c1.png,Common Chickweed
f25996db8.png,Loose Silky-bent
f2dc546ca.png,Common Chickweed
f33e9d918.png,Common Chickweed
f351ce097.png,Cleavers
f3fcfff1b.png,Sugar beet
f4021df6c.png,Scentless Mayweed
f4234cf4f.png,Loose Silky-bent
f445fe6fb.png,Scentless Mayweed
f48916a8c.png,Common Chickweed
f4ad9d950.png,Black-grass
f4caf74f9.png,Sugar beet
f4e7733d4.png,Charlock
f593c9cf0.png,Small-flowered Cranesbill
f66ae4070.png,Shepherds Purse
f6d250856.png,Scentless Mayweed
f8318faf1.png,Loose Silky-bent
f85ed9b6d.png,Small-flowered Cranesbill
f9b6bfb00.png,Black-grass
f9ea23fb5.png,Common Chickweed
f9f35cbd4.png,Small-flowered Cranesbill
fa5fd1384.png,Charlock
fa9f3a8f9.png,Common Chickweed
fadc6adbc.png,Loose Silky-bent
fb022edf9.png,Common Chickweed
fba8fc78a.png,Scentless Mayweed
fbf88b6be.png,Loose Silky-bent
fc3e58836.png,Common Chickweed
fc6f686fb.png,Scentless Mayweed
fd253a74e.png,Charlock
fd87b36ae.png,Loose Silky-bent
fd925f542.png,Small-flowered Cranesbill
fda0b5c38.png,Small-flowered Cranesbill
fda39e16f.png,Loose Silky-bent
fdea6b119.png,Cleavers
fe29629fb.png,Loose Silky-bent
fe9e87b78.png,Scentless Mayweed
fea1d13d6.png,Sugar beet
fea355851.png,Maize
fea3da57c.png,Loose Silky-bent
fef2ade8c.png,Scentless Mayweed
ff65bc002.png,Common Chickweed
ffc6f8527.png,Shepherds Purse
